{"cameraMode":{"drawMode":0,"name":"Shaded","section":"Shading Mode"},"sceneLighting":true,"audioPlay":false,"sceneViewState":{"showFog":true,"showMaterialUpdate":true,"showSkybox":true,"showFlares":true,"showImageEffects":true,"showParticleSystems":true},"in2DMode":false,"pivot":{"x":-2.425859212875366,"y":-3.3898911476135256,"z":-1.8492939472198487},"rotation":{"x":-0.0854332223534584,"y":0.914139986038208,"z":-0.26515236496925356,"w":-0.2945367097854614},"size":8.140686988830567,"orthographic":false}